[
  {
    "weight": 1,
    "value": {
      "template": "the_vault:vault/decor/generic/common/3x3/burrow1",
      "palettes": [ "the_vault:generic/spawners/common_settings" ]
    }
  },
  {
    "weight": 1,
    "value": {
      "template": "the_vault:vault/decor/generic/common/3x3/burrow2",
      "palettes": [ "the_vault:generic/spawners/common_settings" ]
    }
  },
  {
    "weight": 1,
    "value": {
      "template": "the_vault:vault/decor/generic/common/3x3/burrow3",
      "palettes": [ "the_vault:generic/spawners/common_settings" ]
    }
  },
  {
    "weight": 1,
    "value": {
      "template": "the_vault:vault/decor/generic/common/3x3/burrow4",
      "palettes": [ "the_vault:generic/spawners/common_settings" ]
    }
  },
  {
    "weight": 1,
    "value": {
      "template": "the_vault:vault/decor/generic/common/3x3/burrow5",
      "palettes": [ "the_vault:generic/spawners/common_settings" ]
    }
  },
  {
    "weight": 1,
    "value": {
      "template": "the_vault:vault/decor/generic/common/3x3/burrow6",
      "palettes": [ "the_vault:generic/spawners/common_settings" ]
    }
  },
  {
    "weight": 1,
    "value": {
      "template": "the_vault:vault/decor/generic/common/3x3/burrow7",
      "palettes": [ "the_vault:generic/spawners/common_settings" ]
    }
  },
  {
    "weight": 1,
    "value": {
      "template": "the_vault:vault/decor/generic/common/3x3/burrow8",
      "palettes": [ "the_vault:generic/spawners/common_settings" ]
    }
  }
]