[
  {
    "weight": 1,
    "value": {
      "template": "the_vault:vault/decor/generic/common/3x3/hole1",
      "palettes": [ "the_vault:generic/spawners/common_settings" ]
    }
  },
  {
    "weight": 1,
    "value": {
      "template": "the_vault:vault/decor/generic/common/3x3/hole2",
      "palettes": [ "the_vault:generic/spawners/common_settings" ]
    }
  },
  {
    "weight": 1,
    "value": {
      "template": "the_vault:vault/decor/generic/common/3x3/hole3",
      "palettes": [ "the_vault:generic/spawners/common_settings" ]
    }
  },
  {
    "weight": 1,
    "value": {
      "template": "the_vault:vault/decor/generic/common/3x3/hole4",
      "palettes": [ "the_vault:generic/spawners/common_settings" ]
    }
  },
  {
    "weight": 1,
    "value": {
      "template": "the_vault:vault/decor/generic/common/3x3/hole5",
      "palettes": [ "the_vault:generic/spawners/common_settings" ]
    }
  },
  {
    "weight": 1,
    "value": {
      "template": "the_vault:vault/decor/generic/common/3x3/hole6",
      "palettes": [ "the_vault:generic/spawners/common_settings" ]
    }
  },
  {
    "weight": 1,
    "value": {
      "template": "the_vault:vault/decor/generic/common/3x3/hole7",
      "palettes": [ "the_vault:generic/spawners/common_settings" ]
    }
  },
  {
    "weight": 1,
    "value": {
      "template": "the_vault:vault/decor/generic/common/3x3/hole8",
      "palettes": [ "the_vault:generic/spawners/common_settings" ]
    }
  }
]