[
      {
        "weight": 1,
        "value": {
          "template": "the_vault:vault/decor/generic/common/3x3/standing1",
          "palettes": [ "the_vault:generic/spawners/common_settings" ]
        }
      },
      {
        "weight": 1,
        "value": {
          "template": "the_vault:vault/decor/generic/common/3x3/standing2",
          "palettes": [ "the_vault:generic/spawners/common_settings" ]
        }
      },
      {
        "weight": 1,
        "value": {
          "template": "the_vault:vault/decor/generic/common/3x3/standing3",
          "palettes": [ "the_vault:generic/spawners/common_settings" ]
        }
      },
      {
        "weight": 1,
        "value": {
          "template": "the_vault:vault/decor/generic/common/3x3/standing4",
          "palettes": [ "the_vault:generic/spawners/common_settings" ]
        }
      },
      {
        "weight": 1,
        "value": {
          "template": "the_vault:vault/decor/generic/common/3x3/standing5",
          "palettes": [ "the_vault:generic/spawners/common_settings" ]
        }
      },
      {
        "weight": 1,
        "value": {
          "template": "the_vault:vault/decor/generic/common/3x3/standing6",
          "palettes": [ "the_vault:generic/spawners/common_settings" ]
        }
      },
      {
        "weight": 1,
        "value": {
          "template": "the_vault:vault/decor/generic/common/3x3/standing7",
          "palettes": [ "the_vault:generic/spawners/common_settings" ]
        }
      },
      {
        "weight": 1,
        "value": {
          "template": "the_vault:vault/decor/generic/common/3x3/standing8",
          "palettes": [ "the_vault:generic/spawners/common_settings" ]
        }
          },
      {
        "weight": 1,
        "value": {
          "template": "the_vault:vault/decor/generic/common/3x3/standing9",
          "palettes": [ "the_vault:generic/spawners/common_settings" ]
        }
      },
      {
        "weight": 1,
        "value": {
          "template": "the_vault:vault/decor/generic/common/3x3/standing10",
          "palettes": [ "the_vault:generic/spawners/common_settings" ]
        }
      },
      {
        "weight": 1,
        "value": {
          "template": "the_vault:vault/decor/generic/common/3x3/standing11",
          "palettes": [ "the_vault:generic/spawners/common_settings" ]
        }
      },
      {
        "weight": 1,
        "value": {
          "template": "the_vault:vault/decor/generic/common/3x3/standing12",
          "palettes": [ "the_vault:generic/spawners/common_settings" ]
        }
      }
]