[
    {
        "weight": 1,
        "value": {
          "template": "the_vault:vault/decor/generic/rare/3x3/standing1",
          "palettes": [ "the_vault:generic/spawners/rare_settings" ]
        }
      },
      {
        "weight": 1,
        "value": {
          "template": "the_vault:vault/decor/generic/rare/3x3/standing2",
          "palettes": [ "the_vault:generic/spawners/rare_settings" ]
        }
      },
      {
        "weight": 1,
        "value": {
          "template": "the_vault:vault/decor/generic/rare/3x3/standing3",
          "palettes": [ "the_vault:generic/spawners/rare_settings" ]
        }
      },
      {
        "weight": 1,
        "value": {
          "template": "the_vault:vault/decor/generic/rare/3x3/standing4",
          "palettes": [ "the_vault:generic/spawners/rare_settings" ]
        }
      },
      {
        "weight": 1,
        "value": {
          "template": "the_vault:vault/decor/generic/rare/3x3/standing5",
          "palettes": [ "the_vault:generic/spawners/rare_settings" ]
        }
      },
      {
        "weight": 1,
        "value": {
          "template": "the_vault:vault/decor/generic/rare/3x3/standing6",
          "palettes": [ "the_vault:generic/spawners/rare_settings" ]
        }
      }
]