[
  {
    "weight": 1,
    "value": {
      "template": "the_vault:vault/rooms/challenge/village1",
      "palettes": ["the_vault:village/base"]
    }
  },
  {
    "weight": 1,
    "value": {
      "template": "the_vault:vault/rooms/challenge/village2",
      "palettes": ["the_vault:village/base"]
    }
  },
  {
    "weight": 1,
    "value": {
      "template": "the_vault:vault/rooms/challenge/village3",
      "palettes": ["the_vault:village/base"]
    }
  },
  {
    "weight": 1,
    "value": {
      "template": "the_vault:vault/rooms/challenge/village4",
      "palettes": ["the_vault:village/base"]
    }
  }
]