{
    "tile_processors": [
      {
        "type": "reference",
        "id": "the_vault:generic/spawners/generic_settings"
      },
      {
        "type": "leveled",
        "levels": [
          {
            "level": 0,
            "type": "weighted_target",
            "target": "ispawner:spawner",
            "output": {
              "ispawner:spawner{ Manager: { Settings: { Attempts: 3 } } }": 1
            }
          },
          {
            "level": 30,
            "type": "weighted_target",
            "target": "ispawner:spawner",
            "output": {
              "ispawner:spawner{ Manager: { Settings: { Attempts: 5 } } }": 1
            }
          }
        ]
      },
      {
        "type": "leveled",
        "levels": [
          {
            "level": 0,
            "type": "weighted_target",
            "target": "ispawner:spawner",
            "output": {
              "ispawner:spawner{ Manager: { Settings: { PlayerRadius: 12 } } }": 1
            }
          }
        ]
      },
      {
        "type": "leveled",
        "levels": [
            {
                "level": 0,
                "type": "weighted_target",
                "target": "ispawner:spawner",
                "output": {
                    "ispawner:spawner{ Inventory: { Stacks: [ {id: \"minecraft:skeleton_spawn_egg\", Count: 4, tag: {EntityTag: {id: \"minecraft:skeleton\", HandItems: [{id: \"minecraft:bow\", Count: 1, tag:{ Enchantments:[{id:flame,lvl:1}]} }, {}]}}} ] } }": 1
                }
            }
        ]
    }
    ],
    "entity_processors": [],
    "decorators": []
  }