[
  {
    "weight": 1,
    "value": {
      "template": "the_vault:empty",
      "palettes": []
    }
  },
  {
    "weight": 4,
    "pool": [
      {
        "weight": 4,
        "pool": [
          {
            "weight": 1,
            "value": {
              "template": "the_vault:vault/decor/village/pile1",
              "palettes": [ "the_vault:village/spawner_settings" ]
            }
          },
          {
            "weight": 1,
            "value": {
              "template": "the_vault:vault/decor/village/pile2",
              "palettes": [ "the_vault:village/spawner_settings" ]
            }
          },
          {
            "weight": 1,
            "value": {
              "template": "the_vault:vault/decor/village/pile3",
              "palettes": [ "the_vault:village/spawner_settings" ]
            }
          },
          {
            "weight": 1,
            "value": {
              "template": "the_vault:vault/decor/village/pile4",
              "palettes": [ "the_vault:village/spawner_settings" ]
            }
          }
        ]
      },
      {
        "weight": 1,
        "pool": [
          {
            "weight": 1,
            "value": {
              "template": "the_vault:vault/decor/village/pile1",
              "palettes": [ "the_vault:village/silverfish_ambush_spawner_settings" ]
            }
          },
          {
            "weight": 1,
            "value": {
              "template": "the_vault:vault/decor/village/pile2",
              "palettes": [ "the_vault:village/silverfish_ambush_spawner_settings" ]
            }
          },
          {
            "weight": 1,
            "value": {
              "template": "the_vault:vault/decor/village/pile3",
              "palettes": [ "the_vault:village/silverfish_ambush_spawner_settings" ]
            }
          },
          {
            "weight": 1,
            "value": {
              "template": "the_vault:vault/decor/village/pile4",
              "palettes": [ "the_vault:village/silverfish_ambush_spawner_settings" ]
            }
          }
        ]
      }
    ]
  }
]