[
  {
    "weight": 3,
    "pool": [
      {
        "weight": 1,
        "value": {
          "template": "the_vault:vault/decor/village/portal_tunnel1",
          "palettes": [ "the_vault:village/spawner_settings" ]
        }
      },
      {
        "weight": 1,
        "value": {
          "template": "the_vault:vault/decor/village/portal_tunnel2",
          "palettes": [ "the_vault:village/spawner_settings" ]
        }
      },
      {
        "weight": 1,
        "value": {
          "template": "the_vault:vault/decor/village/portal_tunnel3",
          "palettes": [ "the_vault:village/spawner_settings" ]
        }
      }
    ]
  },
  {
    "weight": 1,
    "value": {
      "template": "the_vault:vault/decor/village/portal1",
      "palettes": [ "the_vault:village/portal" ]
    }
  }
]