[
  {
    "weight": 1,
    "value": {
      "template": "the_vault:vault/decor/generic/common/5x5/standing1",
      "palettes": [ "the_vault:generic/spawners/common_settings" ]
    }
  },
  {
    "weight": 1,
    "value": {
      "template": "the_vault:vault/decor/generic/common/5x5/standing2",
      "palettes": [ "the_vault:generic/spawners/common_settings" ]
    }
  },
  {
    "weight": 1,
    "value": {
      "template": "the_vault:vault/decor/generic/common/5x5/standing3",
      "palettes": [ "the_vault:generic/spawners/common_settings" ]
    }
  },
  {
    "weight": 1,
    "value": {
      "template": "the_vault:vault/decor/generic/common/5x5/standing4",
      "palettes": [ "the_vault:generic/spawners/common_settings" ]
    }
  },
  {
    "weight": 1,
    "value": {
      "template": "the_vault:vault/decor/generic/common/5x5/standing5",
      "palettes": [ "the_vault:generic/spawners/common_settings" ]
    }
  },
  {
    "weight": 1,
    "value": {
      "template": "the_vault:vault/decor/generic/common/5x5/standing6",
      "palettes": [ "the_vault:generic/spawners/common_settings" ]
    }
  },
  {
    "weight": 1,
    "value": {
      "template": "the_vault:vault/decor/generic/common/5x5/standing7",
      "palettes": [ "the_vault:generic/spawners/common_settings" ]
    }
  },
  {
    "weight": 1,
    "value": {
      "template": "the_vault:vault/decor/generic/common/5x5/standing8",
      "palettes": [ "the_vault:generic/spawners/common_settings" ]
    }
  },
  {
    "weight": 1,
    "value": {
      "template": "the_vault:vault/decor/generic/common/5x5/standing9",
      "palettes": [ "the_vault:generic/spawners/common_settings" ]
    }
  },
  {
    "weight": 1,
    "value": {
      "template": "the_vault:vault/decor/generic/common/5x5/standing10",
      "palettes": [ "the_vault:generic/spawners/common_settings" ]
    }
  },
  {
    "weight": 1,
    "value": {
      "template": "the_vault:vault/decor/generic/common/5x5/standing11",
      "palettes": [ "the_vault:generic/spawners/common_settings" ]
    }
  },
  {
    "weight": 1,
    "value": {
      "template": "the_vault:vault/decor/generic/common/5x5/standing12",
      "palettes": [ "the_vault:generic/spawners/common_settings" ]
    }
  },
  {
    "weight": 1,
    "value": {
      "template": "the_vault:vault/decor/generic/common/5x5/standing13",
      "palettes": [ "the_vault:generic/spawners/common_settings" ]
    }
  },
  {
    "weight": 1,
    "value": {
      "template": "the_vault:vault/decor/generic/common/5x5/standing14",
      "palettes": [ "the_vault:generic/spawners/common_settings" ]
    }
  },
  {
    "weight": 1,
    "value": {
      "template": "the_vault:vault/decor/generic/common/5x5/standing15",
      "palettes": [ "the_vault:generic/spawners/common_settings" ]
    }
  }
]