{
  "LEVELS": {
    "0": {
      "pool": [
        {
          "value": {
            "value": "minecraft:skeleton",
            "amount": {
              "min": 100,
              "max": 500
            },
            "floorToNearestTen": true,
            "validDimensions": [
              "the_vault:vault"
            ],
            "vaultOnly": true
          },
          "weight": 3
        },
        {
          "value": {
            "value": "minecraft:zombie",
            "amount": {
              "min": 100,
              "max": 500
            },
            "floorToNearestTen": true,
            "validDimensions": [
              "the_vault:vault"
            ],
            "vaultOnly": true
          },
          "weight": 3
        },
        {
          "value": {
            "value": "minecraft:creeper",
            "amount": {
              "min": 100,
              "max": 500
            },
            "floorToNearestTen": true,
            "validDimensions": [
              "minecraft:overworld",
              "minecraft:the_nether"
            ],
            "vaultOnly": false
          },
          "weight": 3
        }
      ]
    },
    "20": {
      "pool": [
        {
          "value": {
            "value": "minecraft:skeleton",
            "amount": {
              "min": 100,
              "max": 500
            },
            "floorToNearestTen": true,
            "validDimensions": [
              "the_vault:vault"
            ],
            "vaultOnly": true
          },
          "weight": 3
        },
        {
          "value": {
            "value": "minecraft:zombie",
            "amount": {
              "min": 100,
              "max": 500
            },
            "floorToNearestTen": true,
            "validDimensions": [
              "the_vault:vault"
            ],
            "vaultOnly": true
          },
          "weight": 3
        },
        {
          "value": {
            "value": "minecraft:creeper",
            "amount": {
              "min": 100,
              "max": 500
            },
            "floorToNearestTen": true,
            "validDimensions": [
              "minecraft:overworld",
              "minecraft:the_nether"
            ],
            "vaultOnly": false
          },
          "weight": 3
        }
      ]
    },
    "10": {
      "pool": [
        {
          "value": {
            "value": "minecraft:skeleton",
            "amount": {
              "min": 100,
              "max": 500
            },
            "floorToNearestTen": true,
            "validDimensions": [
              "the_vault:vault"
            ],
            "vaultOnly": true
          },
          "weight": 3
        },
        {
          "value": {
            "value": "minecraft:zombie",
            "amount": {
              "min": 100,
              "max": 500
            },
            "floorToNearestTen": true,
            "validDimensions": [
              "the_vault:vault"
            ],
            "vaultOnly": true
          },
          "weight": 3
        },
        {
          "value": {
            "value": "minecraft:creeper",
            "amount": {
              "min": 100,
              "max": 500
            },
            "floorToNearestTen": true,
            "validDimensions": [
              "minecraft:overworld",
              "minecraft:the_nether"
            ],
            "vaultOnly": false
          },
          "weight": 3
        }
      ]
    }
  }
}