{
    "entries": [
      {
        "roll": {
          "type": "uniform",
          "min": 1,
          "max": 1
        },
        "pool": [
          {
            "weight": 1,
            "pool": [
              {
                "weight": 0,
                "item": {
                "id": "minecraft:air",
                "count": {
                  "type": "uniform",
                  "min": 1,
                  "max": 1
                  }
                }
              },
              {
                "weight": 60,
                "item": {
                    "id": "the_vault:blue_puzzle_concrete",
                    "count": {
                    "type": "uniform",
                    "min": 1,
                    "max": 1
                    }
                }
              },
              {
                "weight": 20,
                "item": {
                    "id": "the_vault:yellow_puzzle_concrete",
                    "count": {
                    "type": "uniform",
                    "min": 1,
                    "max": 1
                    }
                }
              },
             
              {
                "weight": 7,
                "item": {
                    "id": "the_vault:pink_puzzle_concrete",
                    "count": {
                    "type": "uniform",
                    "min": 1,
                    "max": 1
                    }
                }
              },
             
              {
                "weight": 3,
                "item": {
                    "id": "the_vault:green_puzzle_concrete",
                    "count": {
                    "type": "uniform",
                    "min": 1,
                    "max": 1
                    }
                }
              }
            ]
          }
        ]
      }
    ]
  }