{
  "entries": [
    {
      "roll": {
        "type": "uniform",
        "min": 5,
        "max": 7
      },
      "pool": [
        { "weight": 70,
          "pool": [
            {
                "weight": 16,
                "item": {
                "id": "minecraft:gold_ingot",
                "count": {
                  "type": "uniform",
                  "min": 1,
                  "max": 2
                  }
                }
            },
            {
              "weight": 8,
              "item": {
              "id": "the_vault:vault_essence",
              "count": {
                "type": "uniform",
                "min": 1,
                "max": 2
                }
              }
            },
            {
              "weight": 8,
              "item": {
              "id": "the_vault:magic_silk",
              "count": {
                "type": "uniform",
                "min": 1,
                "max": 3
                }
              }
            },
            {
              "weight": 16,
              "item": {
              "id": "minecraft:experience_bottle",
              "count": {
                "type": "uniform",
                "min": 1,
                "max": 2
                }
              }
            },
            {
              "weight": 16,
              "item": {
              "id": "minecraft:copper_ingot",
              "count": {
                "type": "uniform",
                "min": 1,
                "max": 3
                }
              }
            },
            {
              "weight": 10,
              "item": {
              "id": "the_vault:carbon_nugget",
              "count": {
                "type": "uniform",
                "min": 7,
                "max": 16
                }
              }
            },
            {
              "weight": 12,
              "item": {
                "id": "the_vault:skill_essence",
                "count": {
                  "type": "uniform",
                  "min": 2,
                  "max": 5
                  }
              }
            }
          ]
        },
        { "weight": 20,
          "pool": [
            {
              "weight": 8,
              "item": {
                "id": "the_vault:relic_booster_pack",
                "count": {
                  "type": "uniform",
                  "min": 1,
                  "max": 1
                  }
              }
            },
            {
              "weight": 8,
              "item": {
                "id": "the_vault:vault_diamond",
                "count": {
                  "type": "uniform",
                  "min": 1,
                  "max": 1
                  }
              }
            },
            {
              "weight": 12,
              "item": {
                "id": "the_vault:regret_nugget",
                "count": {
                  "type": "uniform",
                  "min": 2,
                  "max": 6
                  }
              }
            },
            {
              "weight": 10,
              "item": {
                "id": "the_vault:silver_scrap",
                "count": {
                  "type": "uniform",
                  "min": 1,
                  "max": 2
                  }
              }
            }
          ]
        },
        { "weight": 8,
          "pool": [
            {
                "weight": 8,
                "item": {
                  "id": "the_vault:dreamstone",
                  "count": {
                    "type": "uniform",
                    "min": 1,
                    "max": 1
                    }
                }
            },
            {
              "weight": 2,
              "item": {
                "id": "the_vault:mod_box",
                "count": {
                  "type": "uniform",
                  "min": 1,
                  "max": 1
                  }
              }
            },
            {
              "weight": 1,
              "item": {
                "id": "the_vault:empty_flask",
                "count": {
                  "type": "uniform",
                  "min": 1,
                  "max": 1
                  }
              }
            },
            {
              "weight": 4,
              "item": {
                "id": "the_vault:mystery_box",
                "count": {
                  "type": "uniform",
                  "min": 1,
                  "max": 1
                  }
              }
            }
          ]
        },
        { "weight": 2,
          "pool": [
            {
              "weight": 4,
              "item": {
                "id": "the_vault:phoenix_dust",
                "count": {
                  "type": "uniform",
                  "min": 1,
                  "max": 1
                  }
              }
            },
            {
              "weight": 4,
              "item": {
                "id": "the_vault:key_piece",
                "count": {
                  "type": "uniform",
                  "min": 1,
                  "max": 1
                  }
              }
            },
            {
              "weight": 4,
              "reference": "the_vault:rune_pool_0"
            },
            {
              "weight": 2,
              "item": {
                "id": "the_vault:gilded_chest_scroll",
                "count": {
                  "type": "uniform",
                  "min": 1,
                  "max": 1
                  }
              }
            }
          ]
        }
      ]
    }
  ]
}