{
  "entries": [
    {
      "roll": {
        "type": "uniform",
        "min": 1,
        "max": 1
      },
      "pool": [
        {"weight": 100,
          "pool": [
            {
              "weight": 164,
              "item": {
              "id": "minecraft:air",
              "count": {
                "type": "uniform",
                "min": 1,
                "max": 1
                }
              }
            },
            {
                "weight": 8,
                "item": {
                "id": "the_vault:gem_larimar",
                "count": {
                  "type": "uniform",
                  "min": 1,
                  "max": 1
                  }
                }
            },
            {
                "weight": 8,
                "item": {
                "id": "the_vault:gem_benitoite",
                "count": {
                  "type": "uniform",
                  "min": 1,
                  "max": 1
                  }
                }
            },
            {
                "weight": 8,
                "item": {
                "id": "the_vault:gem_wutodie",
                "count": {
                  "type": "uniform",
                  "min": 1,
                  "max": 1
                  }
                }
            },
            {
                "weight": 8,
                "item": {
                "id": "the_vault:gem_painite",
                "count": {
                  "type": "uniform",
                  "min": 1,
                  "max": 1
                  }
                }
            },
            {
                "weight": 8,
                "item": {
                "id": "the_vault:gem_black_opal",
                "count": {
                  "type": "uniform",
                  "min": 1,
                  "max": 1
                  }
                }
            },
            {
              "weight": 13,
              "item": {
              "id": "minecraft:netherite_ingot",
              "count": {
                "type": "uniform",
                "min": 1,
                "max": 1
                }
              }
            },
            {
              "weight": 32,
              "item": {
              "id": "minecraft:diamond",
              "count": {
                "type": "uniform",
                "min": 1,
                "max": 1
                }
              }
            },
            {
                "weight": 2,
                "item": {
                "id": "the_vault:gem_alexandrite",
                "count": {
                  "type": "uniform",
                  "min": 1,
                  "max": 1
                  }
                }
            }
          ]
        },
        {"weight": 30,
          "pool": [
            {
                "weight": 2,
                "item": {
                "id": "the_vault:gem_echo",
                "count": {
                  "type": "uniform",
                  "min": 1,
                  "max": 1
                  }
                }
            },
            {
              "weight": 16,
              "item": {
              "id": "the_vault:vault_diamond",
              "count": {
                "type": "uniform",
                "min": 1,
                "max": 1
                }
              }
            },
            {
              "weight": 8,
              "item": {
              "id": "the_vault:gem_iskallium",
              "count": {
                "type": "uniform",
                "min": 1,
                "max": 1
                }
              }
            },
            {
              "weight": 8,
              "item": {
              "id": "the_vault:gem_gorginite",
              "count": {
                "type": "uniform",
                "min": 1,
                "max": 1
                }
              }
            },
            {
              "weight": 8,
              "item": {
              "id": "the_vault:gem_sparkletine",
              "count": {
                "type": "uniform",
                "min": 1,
                "max": 1
                }
              }
            },
            {
              "weight": 8,
              "item": {
              "id": "the_vault:gem_ashium",
              "count": {
                "type": "uniform",
                "min": 1,
                "max": 1
                }
              }
            },
            {
              "weight": 8,
              "item": {
              "id": "the_vault:gem_bomignite",
              "count": {
                "type": "uniform",
                "min": 1,
                "max": 1
                }
              }
            },
            {
              "weight": 8,
              "item": {
              "id": "the_vault:gem_funsoide",
              "count": {
                "type": "uniform",
                "min": 1,
                "max": 1
                }
              }
            },
            {
              "weight": 8,
              "item": {
              "id": "the_vault:gem_tubium",
              "count": {
                "type": "uniform",
                "min": 1,
                "max": 1
                }
              }
            },
            {
              "weight": 8,
              "item": {
              "id": "the_vault:gem_upaline",
              "count": {
                "type": "uniform",
                "min": 1,
                "max": 1
                }
              }
            },
            {
              "weight": 8,
              "item": {
              "id": "the_vault:gem_xenium",
              "count": {
                "type": "uniform",
                "min": 1,
                "max": 1
                }
              }
            }
          ]
        },
        {"weight": 15,
        "pool": [
          {
              "weight": 4,
              "item": {
              "id": "the_vault:sword",
              "nbt": "{\"the_vault:gear_roll_type_pool\":\"treasure\"}",
              "count": {
                "type": "uniform",
                "min": 1,
                "max": 1
                }
              }
          },
          {
            "weight": 4,
            "item": {
            "id": "the_vault:axe",
            "nbt": "{\"the_vault:gear_roll_type_pool\":\"treasure\"}",
            "count": {
              "type": "uniform",
              "min": 1,
              "max": 1
              }
            }
          },
          {
            "weight": 4,
            "item": {
            "id": "the_vault:helmet",
            "nbt": "{\"the_vault:gear_roll_type_pool\":\"treasure\"}",
            "count": {
              "type": "uniform",
              "min": 1,
              "max": 1
              }
            }
          },
          {
            "weight": 4,
            "item": {
            "id": "the_vault:chestplate",
            "nbt": "{\"the_vault:gear_roll_type_pool\":\"treasure\"}",
            "count": {
              "type": "uniform",
              "min": 1,
              "max": 1
              }
            }
          },
          {
            "weight": 4,
            "item": {
            "id": "the_vault:leggings",
            "nbt": "{\"the_vault:gear_roll_type_pool\":\"treasure\"}",
            "count": {
              "type": "uniform",
              "min": 1,
              "max": 1
              }
            }
          },
          {
            "weight": 4,
            "item": {
            "id": "the_vault:boots",
            "nbt": "{\"the_vault:gear_roll_type_pool\":\"treasure\"}",
            "count": {
              "type": "uniform",
              "min": 1,
              "max": 1
              }
            }
          },
          {
            "weight": 4,
            "item": {
            "id": "the_vault:shield",
            "nbt": "{\"the_vault:gear_roll_type_pool\":\"treasure\"}",
            "count": {
              "type": "uniform",
              "min": 1,
              "max": 1
              }
            }
          },
          {
            "weight": 1,
            "item": {
            "id": "the_vault:idol_benevolent",
            "nbt": "{\"the_vault:gear_roll_type_pool\":\"treasure\"}",
            "count": {
              "type": "uniform",
              "min": 1,
              "max": 1
              }
            }
          },
          {
            "weight": 1,
            "item": {
            "id": "the_vault:idol_omniscient",
            "nbt": "{\"the_vault:gear_roll_type_pool\":\"treasure\"}",
            "count": {
              "type": "uniform",
              "min": 1,
              "max": 1
              }
            }
          },
          {
            "weight": 1,
            "item": {
            "id": "the_vault:idol_timekeeper",
            "nbt": "{\"the_vault:gear_roll_type_pool\":\"treasure\"}",
            "count": {
              "type": "uniform",
              "min": 1,
              "max": 1
              }
            }
          },
          {
            "weight": 1,
            "item": {
            "id": "the_vault:idol_malevolence",
            "nbt": "{\"the_vault:gear_roll_type_pool\":\"treasure\"}",
            "count": {
              "type": "uniform",
              "min": 1,
              "max": 1
              }
            }
          }
        ]
      },
        {"weight": 5,
          "pool": [
            {
                "weight": 24,
                "item": {
                  "id": "the_vault:bitter_lemon",
                  "count": {
                    "type": "uniform",
                    "min": 1,
                    "max": 1
                    }
                }
            },
            {
              "weight": 24,
              "item": {
                "id": "the_vault:gem_pog",
                "count": {
                  "type": "uniform",
                  "min": 1,
                  "max": 1
                  }
              }
           },
           {
            "weight": 1,
            "item": {
              "id": "the_vault:unidentified_treasure_key",
              "count": {
                "type": "uniform",
                "min": 1,
                "max": 1
                }
            }
          }
          ]
        }
      ]
    }
  ]
}