[{
  "weight": 1,
  "value": {
    "template": "the_vault:vault/decor/generic/rare/7x7/wall1",
    "palettes": [ "the_vault:generic/spawners/rare_settings" ]
  }
},
  {
    "weight": 1,
    "value": {
      "template": "the_vault:vault/decor/generic/rare/7x7/wall2",
      "palettes": [ "the_vault:generic/spawners/rare_settings" ]
    }
  },
  {
    "weight": 1,
    "value": {
      "template": "the_vault:vault/decor/generic/rare/7x7/wall3",
      "palettes": [ "the_vault:generic/spawners/rare_settings" ]
    }
  },
  {
    "weight": 1,
    "value": {
      "template": "the_vault:vault/decor/generic/rare/7x7/wall4",
      "palettes": [ "the_vault:generic/spawners/rare_settings" ]
    }
  },
  {
    "weight": 1,
    "value": {
      "template": "the_vault:vault/decor/generic/rare/7x7/wall5",
      "palettes": [ "the_vault:generic/spawners/rare_settings" ]
    }
  }
]