{
    "tile_processors": [
        {
            "type": "reference",
            "id": "the_vault:generic/ore_placeholder_void"
        },
        {
            "type": "reference",
            "id": "the_vault:generic/treasure_door_placeholder"
        },
	{
            "type": "weighted_target",
            "target": "minecraft:gray_concrete",
            "output": {
                "minecraft:blue_terracotta": 3,
                "minecraft:gray_concrete": 3,
                "architects_palette:stripped_twisted_wood": 1
            }
        },
        {
            "type": "weighted_target",
            "target": "minecraft:cobblestone",
            "output": {
                "minecraft:basalt": 1,
                "create:cut_tuff": 1,
                "minecraft:gray_concrete": 1
            }
        },
	{
            "type": "weighted_target",
            "target": "minecraft:stone",
            "output": {
                "minecraft:andesite": 1,
                "minecraft:stone": 1,
                "minecraft:cobblestone": 1
            }
        },
        {
            "type": "weighted_target",
            "target": "minecraft:grass_block",
            "output": {
                "minecraft:andesite": 1,
                "minecraft:stone": 1,
                "minecraft:cobblestone": 1
            }
        },
        {
            "type": "weighted_target",
            "target": "minecraft:dirt",
            "output": {
                "minecraft:andesite": 1
            }
        },
        {
            "type": "weighted_target",
            "target": "minecraft:coarse_dirt",
            "output": {
                "minecraft:black_concrete": 1,
                "minecraft:polished_blackstone": 1,
                "minecraft:blackstone": 1
            }
        },
        {
            "type": "weighted_target",
            "target": "minecraft:stone_slab",
            "output": {
                "minecraft:stone_slab": 1,
                "minecraft:andesite_slab": 1,
                "minecraft:cobblestone_slab": 1
            }
        },
        {
            "type": "weighted_target",
            "target": "minecraft:cobblestone_slab",
            "output": {
                "minecraft:stone_slab": 1,
                "minecraft:andesite_slab": 1,
                "minecraft:cobblestone_slab": 1
            }
        },
        {
            "type": "weighted_target",
            "target": "minecraft:spruce_slab",
            "output": {
                "minecraft:blackstone_slab": 1
            }
        },
        {
            "type": "weighted_target",
            "target": "minecraft:purple_wool",
            "output": {
                "minecraft:andesite": 1,
                "minecraft:stone": 1,
                "minecraft:cobblestone": 1
            }
        },
        {
            "type": "weighted_target",
            "target": "minecraft:water",
            "output": {
                "the_vault:void_liquid": 1
            }
        },
        {
            "type": "weighted_target",
            "target": "minecraft:lava",
            "output": {
                "the_vault:void_liquid": 1
            }
        },
        {
            "type": "weighted_target",
            "target": "minecraft:birch_log",
            "output": {
                "minecraft:air": 1
            }
        },
        {
            "type": "weighted_target",
            "target": "minecraft:birch_fence",
            "output": {
                "minecraft:air": 1
            }
        },
        {
            "type": "weighted_target",
            "target": "minecraft:warped_fence",
            "output": {
                "minecraft:air": 1
            }
        },
        {
            "type": "weighted_target",
            "target": "minecraft:warped_wart_block",
            "output": {
                "minecraft:air": 1
            }
        },
        {
            "type": "weighted_target",
            "target": "minecraft:shroomlight",
            "output": {
                "minecraft:air": 1
            }
        },
        {
            "type": "weighted_target",
            "target": "architects_palette:twisted_fence",
            "output": {
                "architects_palette:twisted_fence": 1
            }
        },
        {
            "type": "weighted_target",
            "target": "minecraft:cave_vines_plant",
            "output": {
                "minecraft:air": 1
            }
        },
        {
            "type": "weighted_target",
            "target": "minecraft:cave_vines",
            "output": {
                "minecraft:air": 1
            }
        },
        {
            "type": "weighted_target",
            "target": "minecraft:spore_blossom",
            "output": {
                "minecraft:air": 1
            }
        },
        {
            "type": "weighted_target",
            "target": "minecraft:brown_wool",
            "output": {
                "minecraft:air": 1
            }
        },
        {
            "type": "weighted_target",
            "target": "minecraft:pink_wool",
            "output": {
                "architects_palette:twisted_leaves": 1
            }
        },
        {
            "type": "weighted_target",
            "target": "minecraft:grass",
            "output": {
                "minecraft:dead_fire_coral[waterlogged=false]": 1,
                "minecraft:dead_brain_coral[waterlogged=false]": 1,
                "minecraft:dead_tube_coral[waterlogged=false]": 1
            }
        },
        {
            "type": "weighted_target",
            "target": "minecraft:tall_grass[half=lower]",
            "output": {
                "minecraft:dead_fire_coral[waterlogged=false]": 1,
                "minecraft:dead_brain_coral[waterlogged=false]": 1,
                "minecraft:dead_tube_coral[waterlogged=false]": 1
            }
        },
        {
            "type": "weighted_target",
            "target": "minecraft:tall_grass[half=upper]",
            "output": {
                "minecraft:air": 1
            }
        },
        {
            "type": "weighted_target",
            "target": "minecraft:twisting_vines_plant",
            "output": {
                "minecraft:air": 1
            }
        },
        {
            "type": "weighted_target",
            "target": "minecraft:twisting_vines",
            "output": {
                "minecraft:air": 1
            }
        },
        {
            "type": "weighted_target",
            "target": "minecraft:fern",
            "output": {
                "minecraft:air": 1
            }
        },
        {
            "type": "weighted_target",
            "target": "minecraft:lime_wool",
            "output": {
                "minecraft:air": 1
            }
        },
        {
            "type": "weighted_target",
            "target": "minecraft:cyan_wool",
            "output": {
                "minecraft:air": 1
            }
        },
        {
            "type": "weighted_target",
            "target": "minecraft:oak_log",
            "output": {
                "architects_palette:twisted_log": 1
            }
        },
        {
            "type": "weighted_target",
            "target": "minecraft:oak_wood",
            "output": {
                "architects_palette:twisted_wood": 1
            }
        },
        {
            "type": "weighted_target",
            "target": "minecraft:oak_leaves",
            "output": {
                "minecraft:dead_horn_coral_block": 1
            }
        },
        {
            "type": "weighted_target",
            "target": "minecraft:oak_planks",
            "output": {
                "architects_palette:twisted_planks": 1
            }
        },
        {
            "type": "weighted_target",
            "target": "minecraft:oak_fence",
            "output": {
                "architects_palette:twisted_fence": 1
            }
        },
        {
            "type": "weighted_target",
            "target": "minecraft:oak_slab",
            "output": {
                "architects_palette:twisted_slab": 1
            }
        },
        {
            "type": "weighted_target",
            "target": "minecraft:oak_trapdoor",
            "output": {
                "architects_palette:twisted_trapdoor": 1,
                "everycomp:mct/architects_palette/twisted_cottage_trapdoor": 3
            }
        },
        {
            "type": "weighted_target",
            "target": "minecraft:oak_stairs",
            "output": {
                "architects_palette:twisted_stairs": 1
            }
        },
        {
            "type": "weighted_target",
            "target": "minecraft:stone_bricks",
            "output": {
                "minecraft:stone_bricks": 1,
                "minecraft:polished_andesite": 1
            }
        },
        {
            "type": "weighted_target",
            "target": "minecraft:stone_brick_stairs",
            "output": {
                "minecraft:stone_brick_stairs": 1,
                "minecraft:polished_andesite_stairs": 1
            }
        },
        {
            "type": "weighted_target",
            "target": "create:andesite_pillar",
            "output": {
                "minecraft:polished_basalt": 1
            }
        },
        {
            "type": "weighted_target",
            "target": "minecraft:chiseled_stone_bricks",
            "output": {
                "architects_palette:cracked_basalt_tiles": 1
            }
        },
        {
            "type": "weighted_target",
            "target": "minecraft:stone_brick_slab",
            "output": {
                "minecraft:andesite_slab": 1
            }
        },
        {
            "type": "weighted_target",
            "target": "quark:stone_brick_vertical_slab",
            "output": {
                "quark:andesite_vertical_slab": 1
            }
        },
        {
            "type": "weighted_target",
            "target": "quark:stone_vertical_slab",
            "output": {
                "quark:stone_vertical_slab": 1,
                "quark:andesite_vertical_slab": 1,
                "quark:cobblestone_vertical_slab": 1
            }
        },
        {
            "type": "weighted_target",
            "target": "minecraft:stone_brick_wall",
            "output": {
                "architects_palette:basalt_tile_wall": 1,
                "minecraft:deepslate_brick_wall": 1
            }
        },
        {
            "type": "weighted_target",
            "target": "minecraft:cobblestone_wall",
            "output": {
                "architects_palette:basalt_tile_wall": 1,
                "minecraft:deepslate_brick_wall": 1
            }
        },
        {
            "type": "weighted_target",
            "target": "minecraft:cobblestone_stairs",
            "output": {
                "architects_palette:basalt_tile_stairs": 1,
                "minecraft:deepslate_brick_stairs": 1
            }
        },
        {
            "type": "weighted_target",
            "target": "minecraft:mossy_stone_bricks",
            "output": {
                "minecraft:cracked_stone_bricks": 1
            }
        },
        {
            "type": "weighted_target",
            "target": "minecraft:mossy_cobblestone",
            "output": {
                "minecraft:andesite": 1,
                "minecraft:stone": 1,
                "minecraft:cobblestone": 1
            }
        },
        {
            "type": "weighted_target",
            "target": "minecraft:green_concrete",
            "output": {
                "minecraft:cobblestone": 1
            }
        },
        {
            "type": "weighted_target",
            "target": "minecraft:moss_carpet",
            "output": {
                "minecraft:air": 1
            }
        },
        {
            "type": "weighted_target",
            "target": "decorative_blocks:brazier",
            "output": {
                "decorative_blocks:soul_brazier": 1
            }
        },
        {
            "type": "weighted_target",
            "target": "minecraft:campfire",
            "output": {
                "minecraft:soul_campfire": 1
            }
        },
        {
            "type": "weighted_target",
            "target": "minecraft:lantern",
            "output": {
                "supplementaries:lead_lantern": 1
            }
        },
        {
            "type": "weighted_target",
            "target": "supplementaries:wall_lantern{Lantern:{Name:\"minecraft:lantern\"}}",
            "output": {
                "supplementaries:wall_lantern{Lantern:{Name:\"supplementaries:lead_lantern\",Properties:{waterlogged:\"false\", hanging:\"false\"}}}": 1
            }
        },
        {
            "type": "weighted_target",
            "target": "minecraft:soul_lantern",
            "output": {
                "minecraft:air": 1
            }
        },
        {
            "type": "weighted_target",
            "target": "minecraft:glass",
            "output": {
                "minecraft:light[level=10]": 1,
                "minecraft:air": 3
            }
        },
        {
            "type": "weighted_target",
            "target": "minecraft:cyan_stained_glass",
            "output": {
                "the_vault:void_liquid": 1
            }
        },
        {
            "type": "weighted_target",
            "target": "minecraft:light_blue_stained_glass",
            "output": {
                "the_vault:void_liquid": 1
            }
        },
        {
            "type": "weighted_target",
            "target": "minecraft:bookshelf",
            "output": {
                "everycomp:q/architects_palette/twisted_bookshelf": 1
            }
        },
        {
            "type": "weighted_target",
            "target": "ecologics:azalea_log",
            "output": {
                "minecraft:crying_obsidian": 1,
                "minecraft:obsidian": 8
            }
        },
        {
            "type": "weighted_target",
            "target": "ecologics:azalea_fence",
            "output": {
                "minecraft:crying_obsidian": 1,
                "minecraft:obsidian": 8
            }
        },
        {
            "type": "weighted_target",
            "target": "create:cut_crimsite_wall",
            "output": {
                "minecraft:crying_obsidian": 1,
                "minecraft:obsidian": 8
            }
        },
        {
            "type": "weighted_target",
            "target": "quark:azalea_log",
            "output": {
                "minecraft:crying_obsidian": 1,
                "minecraft:obsidian": 8
            }
        },
        {
            "type": "weighted_target",
            "target": "quark:azalea_planks",
            "output": {
                "minecraft:crying_obsidian": 1,
                "minecraft:obsidian": 8
            }
        },
        {
            "type": "weighted_target",
            "target": "quark:azalea_planks_stairs",
            "output": {
                "minecraft:crying_obsidian": 1,
                "minecraft:obsidian": 8
            }
        },
        {
            "type": "weighted_target",
            "target": "create:cut_veridium_wall",
            "output": {
                "minecraft:crying_obsidian": 1,
                "minecraft:obsidian": 8
            }
        },
        {
            "type": "weighted_target",
            "target": "minecraft:sand",
            "output": {
                "minecraft:light_gray_concrete_powder": 1
            }
        },
        {
            "type": "weighted_target",
            "target": "minecraft:potted_oak_sapling",
            "output": {
                "minecraft:dead_brain_coral[waterlogged=false]": 1,
                "minecraft:dead_horn_coral[waterlogged=false]": 1
            }
        },
        {
            "type": "weighted_target",
            "target": "quark:oak_hedge",
            "output": {
                "minecraft:air": 1
            }
        },
        {
            "type": "weighted_target",
            "target": "decorative_blocks:oak_support",
            "output": {
                "everycomp:db/architects_palette/twisted_support": 1
            }
        },
        {
            "type": "weighted_target",
            "target": "minecraft:end_stone_bricks",
            "output": {
                "minecraft:smooth_basalt": 1,
                "twigs:smooth_basalt_bricks": 1
            }
        },
        {
            "type": "weighted_target",
            "target": "minecraft:end_stone_brick_stairs",
            "output": {
                "twigs:smooth_basalt_brick_stairs": 1
            }
        },
        {
            "type": "weighted_target",
            "target": "minecraft:end_stone_brick_slab",
            "output": {
                "twigs:smooth_basalt_brick_slab": 1
            }
        },
        {
            "type": "weighted_target",
            "target": "minecraft:end_stone",
            "output": {
                "minecraft:polished_basalt": 1
            }
        },
        {
            "type": "reference",
            "id": "the_vault:generic/room_base"
        },
        {
            "type": "reference",
            "id": "the_vault:generic/spawners/void_mobs"
        },
        {
            "type": "reference",
            "id": "the_vault:generic/common_elite_spawners"
        }
    ],
    "entity_processors": [],
    "decorators": []
}