[
  {
    "weight": 1,
    "value": {
      "template": "the_vault:empty",
      "palettes": []
    }
  },
  {
    "weight": 2,
    "pool": [
      {
        "weight": 1,
        "value": {
          "template": "the_vault:vault/decor/x-spot/palm1",
          "palettes": []
        }
      },
      {
        "weight": 1,
        "value": {
          "template": "the_vault:vault/decor/x-spot/palm2",
          "palettes": []
        }
      },
      {
        "weight": 1,
        "value": {
          "template": "the_vault:vault/decor/x-spot/palm3",
          "palettes": []
        }
      },
      {
        "weight": 1,
        "value": {
          "template": "the_vault:vault/decor/x-spot/palm4",
          "palettes": []
        }
      }
    ]
  }
]