{
  "tile_processors": [
    {
      "type": "leveled",
      "levels": [
        {
            "level": 0,
            "type": "weighted_target",
            "target": "the_vault:xp_altar",
            "output": {
                "the_vault:xp_altar{Replacement: \"the_vault:altar_chest{LootTable:\\\"the_vault:altar_chest_lvl0\\\"}\"}": 1
            }
        }
      ]
    },
    {
      "type": "leveled",
      "levels": [
        {
            "level": 0,
            "type": "weighted_target",
            "target": "the_vault:blood_altar",
            "output": {
              "the_vault:blood_altar{Replacement: \"the_vault:altar_chest{LootTable:\\\"the_vault:altar_chest_lvl0\\\"}\"}": 1
            }
        }
      ]
    },
    {
      "type": "leveled",
      "levels": [
        {
            "level": 0,
            "type": "weighted_target",
            "target": "the_vault:time_altar",
            "output": {
              "the_vault:time_altar{Replacement: \"the_vault:altar_chest{LootTable:\\\"the_vault:altar_chest_lvl0\\\"}\"}": 1
            }
        }
      ]
    },
    {
      "type": "leveled",
      "levels": [
        {
            "level": 0,
            "type": "weighted_target",
            "target": "the_vault:soul_altar",
            "output": {
              "the_vault:soul_altar{Replacement: \"the_vault:altar_chest{LootTable:\\\"the_vault:altar_chest_lvl0\\\"}\"}": 1
            }
        }
      ]
    },
    {
      "type": "leveled",
      "levels": [
        {
            "level": 0,
            "type": "weighted_target",
            "target": "the_vault:xp_altar",
            "output": {
                "the_vault:xp_altar{MaxProgress: 12}": 1
            }
        },
        {
          "level": 10,
          "type": "weighted_target",
          "target": "the_vault:xp_altar",
          "output": {
              "the_vault:xp_altar{MaxProgress: 22}": 1
          }
      },
        {
          "level": 20,
          "type": "weighted_target",
          "target": "the_vault:xp_altar",
          "output": {
              "the_vault:xp_altar{MaxProgress: 32}": 1
          }
        },
        {
          "level": 30,
          "type": "weighted_target",
          "target": "the_vault:xp_altar",
          "output": {
              "the_vault:xp_altar{MaxProgress: 42}": 1
          }
        },
        {
          "level": 40,
          "type": "weighted_target",
          "target": "the_vault:xp_altar",
          "output": {
              "the_vault:xp_altar{MaxProgress: 52}": 1
          }
        },
        {
          "level": 50,
          "type": "weighted_target",
          "target": "the_vault:xp_altar",
          "output": {
              "the_vault:xp_altar{MaxProgress: 62}": 1
          }
        },
        {
          "level": 60,
          "type": "weighted_target",
          "target": "the_vault:xp_altar",
          "output": {
              "the_vault:xp_altar{MaxProgress: 72}": 1
          }
        },
        {
          "level": 70,
          "type": "weighted_target",
          "target": "the_vault:xp_altar",
          "output": {
              "the_vault:xp_altar{MaxProgress: 82}": 1
          }
        },
        {
          "level": 80,
          "type": "weighted_target",
          "target": "the_vault:xp_altar",
          "output": {
              "the_vault:xp_altar{MaxProgress: 92}": 1
          }
        },
        {
          "level": 90,
          "type": "weighted_target",
          "target": "the_vault:xp_altar",
          "output": {
              "the_vault:xp_altar{MaxProgress: 102}": 1
          }
        },
        {
          "level": 100,
          "type": "weighted_target",
          "target": "the_vault:xp_altar",
          "output": {
              "the_vault:xp_altar{MaxProgress: 112}": 1
          }
        }
      ]
    },
    {
      "type": "leveled",
      "levels": [
        {
            "level": 0,
            "type": "weighted_target",
            "target": "the_vault:blood_altar",
            "output": {
              "the_vault:blood_altar{MaxProgress: 3}": 1
            }
        },
        {
          "level": 10,
          "type": "weighted_target",
          "target": "the_vault:blood_altar",
          "output": {
            "the_vault:blood_altar{MaxProgress: 6}": 1
          }
        },
        {
          "level": 20,
          "type": "weighted_target",
          "target": "the_vault:blood_altar",
          "output": {
            "the_vault:blood_altar{MaxProgress: 9}": 1
          }
        },
        {
          "level": 30,
          "type": "weighted_target",
          "target": "the_vault:blood_altar",
          "output": {
            "the_vault:blood_altar{MaxProgress: 12}": 1
          }
        },
        {
          "level": 40,
          "type": "weighted_target",
          "target": "the_vault:blood_altar",
          "output": {
            "the_vault:blood_altar{MaxProgress: 15}": 1
          }
        },
        {
          "level": 50,
          "type": "weighted_target",
          "target": "the_vault:blood_altar",
          "output": {
            "the_vault:blood_altar{MaxProgress: 18}": 1
          }
        },
        {
          "level": 60,
          "type": "weighted_target",
          "target": "the_vault:blood_altar",
          "output": {
            "the_vault:blood_altar{MaxProgress: 21}": 1
          }
        },
        {
          "level": 70,
          "type": "weighted_target",
          "target": "the_vault:blood_altar",
          "output": {
            "the_vault:blood_altar{MaxProgress: 24}": 1
          }
        },
        {
            "level": 80,
            "type": "weighted_target",
            "target": "the_vault:blood_altar",
            "output": {
              "the_vault:blood_altar{MaxProgress: 27}": 1
            }
        },
        {
          "level": 90,
          "type": "weighted_target",
          "target": "the_vault:blood_altar",
          "output": {
            "the_vault:blood_altar{MaxProgress: 30}": 1
          }
        },
        {
          "level": 100,
          "type": "weighted_target",
          "target": "the_vault:blood_altar",
          "output": {
            "the_vault:blood_altar{MaxProgress: 33}": 1
          }
        }
      ]
    },
    {
      "type": "leveled",
      "levels": [
        {
            "level": 0,
            "type": "weighted_target",
            "target": "the_vault:time_altar",
            "output": {
              "the_vault:time_altar{MaxProgress: 3}": 1
            }
        },
        {
          "level": 50,
          "type": "weighted_target",
          "target": "the_vault:time_altar",
          "output": {
            "the_vault:time_altar{MaxProgress: 4}": 1
          }
        },
        {
          "level": 100,
          "type": "weighted_target",
          "target": "the_vault:time_altar",
          "output": {
            "the_vault:time_altar{MaxProgress: 5}": 1
          }
        }
      ]
    },
    {
      "type": "leveled",
      "levels": [
        {
            "level": 0,
            "type": "weighted_target",
            "target": "the_vault:soul_altar",
            "output": {
              "the_vault:soul_altar{MaxProgress: 6}": 1
            }
        },
        {
          "level": 10,
          "type": "weighted_target",
          "target": "the_vault:soul_altar",
          "output": {
            "the_vault:soul_altar{MaxProgress: 8}": 1
          }
        },
        {
          "level": 20,
          "type": "weighted_target",
          "target": "the_vault:soul_altar",
          "output": {
            "the_vault:soul_altar{MaxProgress: 10}": 1
          }
        },
        {
          "level": 30,
          "type": "weighted_target",
          "target": "the_vault:soul_altar",
          "output": {
            "the_vault:soul_altar{MaxProgress: 12}": 1
          }
        },
        {
          "level": 40,
          "type": "weighted_target",
          "target": "the_vault:soul_altar",
          "output": {
            "the_vault:soul_altar{MaxProgress: 14}": 1
          }
        },
        {
          "level": 50,
          "type": "weighted_target",
          "target": "the_vault:soul_altar",
          "output": {
            "the_vault:soul_altar{MaxProgress: 16}": 1
          }
        },
        {
          "level": 60,
          "type": "weighted_target",
          "target": "the_vault:soul_altar",
          "output": {
            "the_vault:soul_altar{MaxProgress: 18}": 1
          }
        },
        {
          "level": 70,
          "type": "weighted_target",
          "target": "the_vault:soul_altar",
          "output": {
            "the_vault:soul_altar{MaxProgress: 20}": 1
          }
        },
        {
          "level": 80,
          "type": "weighted_target",
          "target": "the_vault:soul_altar",
          "output": {
            "the_vault:soul_altar{MaxProgress: 22}": 1
          }
        },
        {
          "level": 90,
          "type": "weighted_target",
          "target": "the_vault:soul_altar",
          "output": {
            "the_vault:soul_altar{MaxProgress: 24}": 1
          }
        },
        {
          "level": 100,
          "type": "weighted_target",
          "target": "the_vault:soul_altar",
          "output": {
            "the_vault:soul_altar{MaxProgress: 26}": 1
          }
        }
      ]
    }
  ]
}