{
  "tile_processors": [
    {
      "type": "placeholder",
      "target": "COIN_STACKS",
      "levels": [
        {
          "level": 0,
          "probability": 0.9,
          "success": {
            "the_vault:coin_pile[size=1,waterlogged=false]{LootTable:\"the_vault:coin_pile_lvl0\"}": 4,
            "the_vault:coin_pile[size=2,waterlogged=false]{LootTable:\"the_vault:coin_pile_lvl0\"}": 16,
            "the_vault:coin_pile[size=3,waterlogged=false]{LootTable:\"the_vault:coin_pile_lvl0\"}": 32,
            "the_vault:coin_pile[size=4,waterlogged=false]{LootTable:\"the_vault:coin_pile_lvl0\"}": 40,
            "the_vault:coin_pile[size=5,waterlogged=false]{LootTable:\"the_vault:coin_pile_lvl0\"}": 16,
            "the_vault:coin_pile[size=6,waterlogged=false]{LootTable:\"the_vault:coin_pile_lvl0\"}": 8,
            "the_vault:coin_pile[size=7,waterlogged=false]{LootTable:\"the_vault:coin_pile_lvl0\"}": 4
          },
          "failure": {
            "minecraft:air": 1
          }
        }
      ]
    }
  ]
}