{
    "tile_processors": [
        {
            "type": "reference",
            "id": "the_vault:generic/wooden_chest_placeholder"
        },
        {
            "type": "reference",
            "id": "the_vault:generic/gilded_chest_placeholder"
        },
        {
            "type": "reference",
            "id": "the_vault:generic/living_chest_placeholder"
        },
        {
            "type": "reference",
            "id": "the_vault:generic/ornate_chest_placeholder"
        },
        {
            "type": "reference",
            "id": "the_vault:generic/coin_stack_placeholder"
        },
        {
            "type": "reference",
            "id": "the_vault:generic/ore_placeholder"
        }
    ]
}