[
  {
    "weight": 1,
    "value": {
      "template": "the_vault:vault/decor/generic/epic/5x5/hole1",
      "palettes": [ "the_vault:generic/spawners/epic_settings" ]
    }
  },
  {
    "weight": 1,
    "value": {
      "template": "the_vault:vault/decor/generic/epic/5x5/hole2",
      "palettes": [ "the_vault:generic/spawners/epic_settings" ]
    }
  },
  {
    "weight": 1,
    "value": {
      "template": "the_vault:vault/decor/generic/epic/5x5/hole3",
      "palettes": [ "the_vault:generic/spawners/epic_settings" ]
    }
  },
  {
    "weight": 1,
    "value": {
      "template": "the_vault:vault/decor/generic/epic/5x5/hole4",
      "palettes": [ "the_vault:generic/spawners/epic_settings" ]
    }
  },
  {
    "weight": 1,
    "value": {
      "template": "the_vault:vault/decor/generic/epic/5x5/hole5",
      "palettes": [ "the_vault:generic/spawners/epic_settings" ]
    }
  },
  {
    "weight": 1,
    "value": {
      "template": "the_vault:vault/decor/generic/epic/5x5/hole6",
      "palettes": [ "the_vault:generic/spawners/epic_settings" ]
    }
  }
]