[
    {
        "weight": 1,
        "value": {
          "template": "the_vault:vault/decor/generic/epic/5x5/standing1",
          "palettes": [ "the_vault:generic/spawners/epic_settings" ]
        }
      },
      {
        "weight": 1,
        "value": {
          "template": "the_vault:vault/decor/generic/epic/5x5/standing2",
          "palettes": [ "the_vault:generic/spawners/epic_settings" ]
        }
      },
      {
        "weight": 1,
        "value": {
          "template": "the_vault:vault/decor/generic/epic/5x5/standing3",
          "palettes": [ "the_vault:generic/spawners/epic_settings" ]
        }
      },
      {
        "weight": 1,
        "value": {
          "template": "the_vault:vault/decor/generic/epic/5x5/standing4",
          "palettes": [ "the_vault:generic/spawners/epic_settings" ]
        }
      },
      {
        "weight": 1,
        "value": {
          "template": "the_vault:vault/decor/generic/epic/5x5/standing5",
          "palettes": [ "the_vault:generic/spawners/epic_settings" ]
        }
      },
      {
        "weight": 1,
        "value": {
          "template": "the_vault:vault/decor/generic/epic/5x5/standing6",
          "palettes": [ "the_vault:generic/spawners/epic_settings" ]
        }
      }
]