{
    "tile_processors": [
        {
            "type": "leveled",
            "levels": [
                {
                    "level": 0,
                    "type": "weighted_target",
                    "target": "ispawner:spawner",
                    "output": {
                        "ispawner:spawner{ Inventory: { Stacks: [ {id: \"minecraft:piglin_spawn_egg\", Count: 60}, {id: \"quark:foxhound_spawn_egg\", Count: 40}, {id: \"minecraft:magma_cube_spawn_egg\", Count: 10 }, {id: \"minecraft:piglin_brute_spawn_egg\", Count: 2 }, {id: \"the_vault:vault_fighter_0_egg\", Count: 20} ] } }": 1
                    }
                },
                {
                    "level": 20,
                    "type": "weighted_target",
                    "target": "ispawner:spawner",
                    "output": {
                        "ispawner:spawner{ Inventory: { Stacks: [ {id: \"minecraft:piglin_spawn_egg\", Count: 57}, {id: \"quark:foxhound_spawn_egg\", Count: 40}, {id: \"minecraft:magma_cube_spawn_egg\", Count: 10 }, {id: \"minecraft:piglin_brute_spawn_egg\", Count: 2 }, {id: \"the_vault:vault_fighter_0_egg\", Count: 19}, {id: \"the_vault:vault_fighter_1_egg\", Count: 1} ] } }": 1
                    }
                },
                {
                    "level": 25,
                    "type": "weighted_target",
                    "target": "ispawner:spawner",
                    "output": {
                        "ispawner:spawner{ Inventory: { Stacks: [ {id: \"minecraft:piglin_spawn_egg\", Count: 45}, {id: \"quark:foxhound_spawn_egg\", Count: 40}, {id: \"minecraft:magma_cube_spawn_egg\", Count: 10 }, {id: \"minecraft:piglin_brute_spawn_egg\", Count: 2 }, {id: \"the_vault:vault_fighter_0_egg\", Count: 15}, {id: \"the_vault:vault_fighter_1_egg\", Count: 5} ] } }": 1
                    }
                },
                {
                    "level": 30,
                    "type": "weighted_target",
                    "target": "ispawner:spawner",
                    "output": {
                        "ispawner:spawner{ Inventory: { Stacks: [ {id: \"minecraft:piglin_spawn_egg\", Count: 30}, {id: \"quark:foxhound_spawn_egg\", Count: 40}, {id: \"minecraft:magma_cube_spawn_egg\", Count: 10 }, {id: \"minecraft:piglin_brute_spawn_egg\", Count: 2 }, {id: \"the_vault:vault_fighter_0_egg\", Count: 10}, {id: \"the_vault:vault_fighter_1_egg\", Count: 10}, {id: \"minecraft:wither_skeleton_spawn_egg\", Count: 10} ] } }": 1
                    }
                },
                {
                    "level": 40,
                    "type": "weighted_target",
                    "target": "ispawner:spawner",
                    "output": {
                        "ispawner:spawner{ Inventory: { Stacks: [ {id: \"minecraft:piglin_spawn_egg\", Count: 3}, {id: \"quark:foxhound_spawn_egg\", Count: 40}, {id: \"minecraft:magma_cube_spawn_egg\", Count: 10 }, {id: \"minecraft:piglin_brute_spawn_egg\", Count: 2 }, {id: \"the_vault:vault_fighter_0_egg\", Count: 2}, {id: \"the_vault:vault_fighter_1_egg\", Count: 18}, {id: \"minecraft:wither_skeleton_spawn_egg\", Count: 30}, {id: \"minecraft:blaze_spawn_egg\", Count: 6} ] } }": 1
                    }
                },
                {
                    "level": 50,
                    "type": "weighted_target",
                    "target": "ispawner:spawner",
                    "output": {
                        "ispawner:spawner{ Inventory: { Stacks: [ {id: \"quark:foxhound_spawn_egg\", Count: 40}, {id: \"minecraft:magma_cube_spawn_egg\", Count: 10 }, {id: \"minecraft:piglin_brute_spawn_egg\", Count: 2 }, {id: \"the_vault:t1_piglin_egg\", Count: 60}, {id: \"the_vault:vault_fighter_1_egg\", Count: 20}, {id: \"minecraft:wither_skeleton_spawn_egg\", Count: 30}, {id: \"minecraft:blaze_spawn_egg\", Count: 6} ] } }": 1
                    }
                }
            ]
        }
    ]
}