[
  {
    "weight": 1,
    "value": {
      "template": "the_vault:empty",
      "palettes": []
    }
  },
  {
    "weight": 14,
    "pool": [
      {
        "weight": 65,
        "pool": [
          {
            "weight": 4,
            "reference": "the_vault:vault/decor/generic/common/5x5/burrow1"
          },
          {
            "weight": 0,
            "reference": "the_vault:vault/decor/generic/common/3x3/burrow1"
          }
        ]
      },
      {
        "weight": 28,
        "pool": [
          {
            "weight": 4,
            "reference": "the_vault:vault/decor/generic/rare/5x5/burrow1"
          },
          {
            "weight": 0,
            "reference": "the_vault:vault/decor/generic/rare/3x3/burrow1"
          }
        ]
      },
      {
        "weight": 7,
        "pool": [
          {
            "weight": 4,
            "reference": "the_vault:vault/decor/generic/epic/5x5/burrow1"
          }
        ]
      }
    ]
  }
]