{
  "EFFECT_AURAS": [
    {
      "effect": {
        "effect": "minecraft:regeneration",
        "amplifier": 1,
        "type": "icon_only",
        "operator": "add",
        "cost": 0,
        "levelRequirement": 0
      },
      "name": "Regeneration",
      "displayName": "Regeneration",
      "description": "Grants an aura of Regeneration +1",
      "iconPath": "the_vault:textures/entity/aura/aura_regeneration.png",
      "radius": 12.0
    },
    {
      "effect": {
        "effect": "minecraft:haste",
        "amplifier": 1,
        "type": "icon_only",
        "operator": "add",
        "cost": 0,
        "levelRequirement": 0
      },
      "name": "Haste1",
      "displayName": "Haste 1",
      "description": "Grants an aura of Haste +1",
      "iconPath": "the_vault:textures/entity/aura/aura_haste.png",
      "radius": 12.0
    },
    {
      "effect": {
        "effect": "minecraft:haste",
        "amplifier": 2,
        "type": "icon_only",
        "operator": "add",
        "cost": 0,
        "levelRequirement": 0
      },
      "name": "Haste2",
      "displayName": "Haste 2",
      "description": "Grants an aura of Haste +2",
      "iconPath": "the_vault:textures/entity/aura/aura_haste_2.png",
      "radius": 12.0
    },
    {
      "effect": {
        "effect": "minecraft:speed",
        "amplifier": 1,
        "type": "icon_only",
        "operator": "add",
        "cost": 0,
        "levelRequirement": 0
      },
      "name": "Speed1",
      "displayName": "Speed 1",
      "description": "Grants an aura of Speed +1",
      "iconPath": "the_vault:textures/entity/aura/aura_speed.png",
      "radius": 12.0
    },
    {
      "effect": {
        "effect": "minecraft:speed",
        "amplifier": 2,
        "type": "icon_only",
        "operator": "add",
        "cost": 0,
        "levelRequirement": 0
      },
      "name": "Speed2",
      "displayName": "Speed 2",
      "description": "Grants an aura of Speed +2",
      "iconPath": "the_vault:textures/entity/aura/aura_speed_2.png",
      "radius": 12.0
    },
    {
      "effect": {
        "effect": "minecraft:strength",
        "amplifier": 1,
        "type": "icon_only",
        "operator": "add",
        "cost": 0,
        "levelRequirement": 0
      },
      "name": "Strength1",
      "displayName": "Strength 1",
      "description": "Grants an aura of Strength",
      "iconPath": "the_vault:textures/entity/aura/aura_strength.png",
      "radius": 12.0
    },
    {
      "effect": {
        "effect": "minecraft:strength",
        "amplifier": 1,
        "type": "icon_only",
        "operator": "add",
        "cost": 0,
        "levelRequirement": 0
      },
      "name": "Strength2",
      "displayName": "Strength 2",
      "description": "Grants an aura of Strength +2",
      "iconPath": "the_vault:textures/entity/aura/aura_strength_2.png",
      "radius": 12.0
    },
    {
      "effect": {
        "effect": "minecraft:saturation",
        "amplifier": 1,
        "type": "icon_only",
        "operator": "add",
        "cost": 0,
        "levelRequirement": 0
      },
      "name": "Saturation",
      "displayName": "Saturation",
      "description": "Grants an aura of Saturation",
      "iconPath": "the_vault:textures/entity/aura/aura_saturation.png",
      "radius": 12.0
    }
  ],
  "PARRY_AURAS": [
  ],
  "RESISTANCE_AURAS": [
    {
      "additionalResistance": 0.1,
      "name": "Resistance",
      "displayName": "Resistance",
      "description": "Players in aura have +10% Resistance",
      "iconPath": "the_vault:textures/entity/aura/aura_resistance_10.png",
      "radius": 10.0
    }
  ],
  "TAUNT_AURAS": [
    {
      "tauntInterval": 100,
      "name": "Taunt",
      "displayName": "Taunt",
      "description": "Periodically taunts enemies nearby",
      "iconPath": "the_vault:textures/entity/aura/aura_taunt.png",
      "radius": 16.0
    }
  ],
  "MOB_EFFECT_AURAS": [
    {
      "effect": "minecraft:slowness",
      "amplifier": 2,
      "name": "Mob_Slowness",
      "displayName": "Slowness",
      "description": "Applies Slowness 3 to enemies in its radius",
      "iconPath": "the_vault:textures/entity/aura/aura_slowness_3.png",
      "radius": 16.0
    },
    {
      "effect": "minecraft:weakness",
      "amplifier": 1,
      "name": "Mob_Weakness",
      "displayName": "Weakness",
      "description": "Applies Weakness 1 to enemies in its radius",
      "iconPath": "the_vault:textures/entity/aura/aura_weakness.png",
      "radius": 16.0
    },
    {
      "effect": "minecraft:weakness",
      "amplifier": 2,
      "name": "Mob_Weakness2",
      "displayName": "Weakness",
      "description": "Applies Weakness 2 to enemies in its radius",
      "iconPath": "the_vault:textures/entity/aura/aura_weakness_2.png",
      "radius": 16.0
    }
  ],
  "availableAuras": [
    {
      "value": "Regeneration",
      "weight": 2
    },
    {
      "value": "Haste1",
      "weight": 12
    },
    {
      "value": "Haste2",
      "weight": 8
    },
    {
      "value": "Speed1",
      "weight": 16
    },
    {
      "value": "Speed2",
      "weight": 8
    },
    {
      "value": "Strength1",
      "weight": 12
    },
    {
      "value": "Strength2",
      "weight": 6
    },
    {
      "value": "Saturation",
      "weight": 4
    },
    {
      "value": "Resistance",
      "weight": 12
    },
    {
      "value": "Taunt",
      "weight": 8
    },
    {
      "value": "Mob_Slowness",
      "weight": 12
    },
    {
      "value": "Mob_Weakness",
      "weight": 16
    },
    {
      "value": "Mob_Weakness2",
      "weight": 12
    }
  ]
}