[
    {
      "weight": 1,
      "value": {
        "template": "the_vault:empty",
        "palettes": []
      }
    },
    {
      "weight": 13,
      "pool": [
        {
            "weight": 1,
            "pool": [
              {
                "weight": 1,
                "value": {
                  "template": "the_vault:vault/decor/mush_room/vine1",
                  "palettes": []
                }
              },
              {
                "weight": 1,
                "value": {
                  "template": "the_vault:vault/decor/mush_room/vine2",
                  "palettes": []
                }
              },
              {
                "weight": 1,
                "value": {
                  "template": "the_vault:vault/decor/mush_room/vine3",
                  "palettes": []
                }
              }
            ]
          },
          {
            "weight": 1,
            "pool": [
                {
                    "weight": 1,
                    "value": {
                        "template": "the_vault:vault/decor/mush_room/vine4",
                        "palettes": []
                    }
                },
                    {
                    "weight": 1,
                    "value": {
                        "template": "the_vault:vault/decor/mush_room/vine5",
                        "palettes": []
                    }
                },
                    {
                    "weight": 1,
                    "value": {
                        "template": "the_vault:vault/decor/mush_room/vine6",
                        "palettes": []
                    }
                }
            ]
          }
      ]
    }
  ]