{
  "tile_processors": [
    {
      "type": "reference",
      "id": "the_vault:generic/spawners/silverfish"
    },
    {
      "type": "leveled",
      "levels": [
        {
          "level": 0,
          "type": "weighted_target",
          "target": "ispawner:spawner",
          "output": {
            "ispawner:spawner{ Manager: { Settings: { Attempts: 4 } } }": 1
          }
        },
        {
          "level": 30,
          "type": "weighted_target",
          "target": "ispawner:spawner",
          "output": {
            "ispawner:spawner{ Manager: { Settings: { Attempts: 5 } } }": 1
          }
        }
      ]
    },
    {
      "type": "leveled",
      "levels": [
        {
          "level": 0,
          "type": "weighted_target",
          "target": "ispawner:spawner",
          "output": {
            "ispawner:spawner{ Manager: { Settings: { PlayerRadius: 8 } } }": 1
          }
        }
      ]
    },
    {
      "type": "leveled",
      "levels": [
          {
              "level": 0,
              "type": "weighted_target",
              "target": "ispawner:spawner",
              "output": {
                  "ispawner:spawner{ Manager:{ UsesLeft:1, Settings: { SpawnDelay: 20 } } }": 3
                  
              }
          }
      ]
  }
  ]
}