[
  {
    "weight": 1,
    "value": {
      "template": "the_vault:vault/tunnels/tunnel1",
      "palettes": [
        "the_vault:raw/universal_raw_cave"
      ]
    }
  },
  {
    "weight": 1,
    "value": {
      "template": "the_vault:vault/tunnels/tunnel2",
      "palettes": [
        "the_vault:raw/universal_raw_cave"
      ]
    }
  },
  {
    "weight": 1,
    "value": {
      "template": "the_vault:vault/tunnels/tunnel3",
      "palettes": [
        "the_vault:raw/universal_raw_cave"
      ]
    }
  },
  {
    "weight": 1,
    "value": {
      "template": "the_vault:vault/tunnels/tunnel4",
      "palettes": [
        "the_vault:raw/universal_raw_cave"
      ]
    }
  },
  {
    "weight": 1,
    "value": {
      "template": "the_vault:vault/tunnels/tunnel5",
      "palettes": [
        "the_vault:raw/universal_raw_cave"
      ]
    }
  },
  {
    "weight": 1,
    "value": {
      "template": "the_vault:vault/tunnels/tunnel6",
      "palettes": [
        "the_vault:raw/universal_raw_cave"
      ]
    }
  }
]