[{
  "weight": 1,
  "value": {
    "template": "the_vault:vault/decor/generic/epic/7x7/hole1",
    "palettes": [ "the_vault:generic/spawners/epic_settings" ]
  }
},
  {
    "weight": 1,
    "value": {
      "template": "the_vault:vault/decor/generic/epic/7x7/hole2",
      "palettes": [ "the_vault:generic/spawners/epic_settings" ]
    }
  },
  {
    "weight": 1,
    "value": {
      "template": "the_vault:vault/decor/generic/epic/7x7/hole3",
      "palettes": [ "the_vault:generic/spawners/epic_settings" ]
    }
  },
  {
    "weight": 1,
    "value": {
      "template": "the_vault:vault/decor/generic/epic/7x7/hole4",
      "palettes": [ "the_vault:generic/spawners/epic_settings" ]
    }
  },
  {
    "weight": 1,
    "value": {
      "template": "the_vault:vault/decor/generic/epic/7x7/hole5",
      "palettes": [ "the_vault:generic/spawners/epic_settings" ]
    }
  },
  {
    "weight": 1,
    "value": {
      "template": "the_vault:vault/decor/generic/epic/7x7/hole6",
      "palettes": [ "the_vault:generic/spawners/epic_settings" ]
    }
  }
]