[
    {
        "weight": 1,
        "value": {
          "template": "the_vault:vault/decor/generic/epic/7x7/standing1",
          "palettes": [ "the_vault:generic/spawners/epic_settings" ]
        }
      },
      {
        "weight": 1,
        "value": {
          "template": "the_vault:vault/decor/generic/epic/7x7/standing2",
          "palettes": [ "the_vault:generic/spawners/epic_settings" ]
        }
      },
      {
        "weight": 1,
        "value": {
          "template": "the_vault:vault/decor/generic/epic/7x7/standing3",
          "palettes": [ "the_vault:generic/spawners/epic_settings" ]
        }
      },
      {
        "weight": 1,
        "value": {
          "template": "the_vault:vault/decor/generic/epic/7x7/standing4",
          "palettes": [ "the_vault:generic/spawners/epic_settings" ]
        }
      },
      {
        "weight": 1,
        "value": {
          "template": "the_vault:vault/decor/generic/epic/7x7/standing5",
          "palettes": [ "the_vault:generic/spawners/epic_settings" ]
        }
      },
      {
        "weight": 1,
        "value": {
          "template": "the_vault:vault/decor/generic/epic/7x7/standing6",
          "palettes": [ "the_vault:generic/spawners/epic_settings" ]
        }
      }
]