[
  {
    "weight": 1,
    "value": {
      "template": "the_vault:vault/decor/generic/rare/5x5/hanging1",
      "palettes": [ "the_vault:generic/spawners/rare_settings" ]
    }
  },
  {
    "weight": 1,
    "value": {
      "template": "the_vault:vault/decor/generic/rare/5x5/hanging2",
      "palettes": [ "the_vault:generic/spawners/rare_settings" ]
    }
  },
  {
    "weight": 1,
    "value": {
      "template": "the_vault:vault/decor/generic/rare/5x5/hanging3",
      "palettes": [ "the_vault:generic/spawners/rare_settings" ]
    }
  },
  {
    "weight": 1,
    "value": {
      "template": "the_vault:vault/decor/generic/rare/5x5/hanging4",
      "palettes": [ "the_vault:generic/spawners/rare_settings" ]
    }
  },
  {
    "weight": 1,
    "value": {
      "template": "the_vault:vault/decor/generic/rare/5x5/hanging5",
      "palettes": [ "the_vault:generic/spawners/rare_settings" ]
    }
  },
  {
    "weight": 1,
    "value": {
      "template": "the_vault:vault/decor/generic/rare/5x5/hanging6",
      "palettes": [ "the_vault:generic/spawners/rare_settings" ]
    }
  }
]