[
    {
        "weight": 1,
        "value": {
          "template": "the_vault:vault/decor/generic/rare/5x5/wall1",
          "palettes": [ "the_vault:generic/spawners/rare_settings" ]
        }
      },
      {
        "weight": 1,
        "value": {
          "template": "the_vault:vault/decor/generic/rare/5x5/wall2",
          "palettes": [ "the_vault:generic/spawners/rare_settings" ]
        }
      },
      {
        "weight": 1,
        "value": {
          "template": "the_vault:vault/decor/generic/rare/5x5/wall3",
          "palettes": [ "the_vault:generic/spawners/rare_settings" ]
        }
      },
      {
        "weight": 1,
        "value": {
          "template": "the_vault:vault/decor/generic/rare/5x5/wall4",
          "palettes": [ "the_vault:generic/spawners/rare_settings" ]
        }
      },
      {
        "weight": 1,
        "value": {
          "template": "the_vault:vault/decor/generic/rare/5x5/wall5",
          "palettes": [ "the_vault:generic/spawners/rare_settings" ]
        }
      },
      {
        "weight": 1,
        "value": {
          "template": "the_vault:vault/decor/generic/rare/5x5/wall6",
          "palettes": [ "the_vault:generic/spawners/rare_settings" ]
        }
      }
]