{
    "tile_processors": [
        {
            "type": "reference",
            "id": "the_vault:treasure_rooms/treasure_chest"
        },
      {
        "type": "leveled",
        "levels": [
            
            {
                "level": 0,
                "type": "weighted_target",
                "target": "minecraft:yellow_glazed_terracotta",
                "output": {
                    "the_vault:treasure_sand{LootTable:\"the_vault:treasure_sand_lvl0\"}": 1,
                    "minecraft:yellow_concrete_powder": 1
                }
            }
        ]
      }
    ]
}