[
  {
    "weight": 3,
    "value": {
      "template": "the_vault:empty",
      "palettes": []
    }
  },
  {
    "weight": 1,
    "pool": [
      {
        "weight": 50,
        "pool": [
          {
            "weight": 1,
            "value": {
              "template": "the_vault:vault/decor/wildwest/center_basement1",
              "palettes": [ "the_vault:wildwest/spawner_settings" ]
            }
          },
          {
            "weight": 1,
            "value": {
              "template": "the_vault:vault/decor/wildwest/center_basement2",
              "palettes": [ "the_vault:wildwest/trap_spawner_settings" ]
            }
          },
          {
            "weight": 1,
            "value": {
              "template": "the_vault:vault/decor/wildwest/center_basement3",
              "palettes": [ "the_vault:wildwest/spawner_settings" ]
            }
          }
        ]
      },
      {
        "weight": 1,
        "pool": [
          {
            "weight": 1,
            "value": {
              "template": "the_vault:vault/decor/wildwest/center_basement1",
              "palettes": [ "the_vault:wildwest/flame_spawner_settings" ]
            }
          },
          {
            "weight": 1,
            "value": {
              "template": "the_vault:vault/decor/wildwest/center_basement2",
              "palettes": [ "the_vault:wildwest/flame_trap_spawner_settings" ]
            }
          },
          {
            "weight": 1,
            "value": {
              "template": "the_vault:vault/decor/wildwest/center_basement3",
              "palettes": [ "the_vault:wildwest/flame_spawner_settings" ]
            }
          }
        ]
      }
      
    ]
  }
]