[
  {
    "weight": 4,
    "value": {
      "template": "the_vault:empty",
      "palettes": []
    }
  },
  {
    "weight": 1,
    "pool": [
      {
        "weight": 4,
        "value": {
          "template": "the_vault:vault/decor/wildwest/plate1",
          "palettes": []
        }
      },
      {
        "weight": 1,
        "value": {
          "template": "the_vault:vault/decor/wildwest/plate2",
          "palettes": []
        }
      },
      {
        "weight": 1,
        "value": {
          "template": "the_vault:vault/decor/wildwest/plate3",
          "palettes": []
        }
      }
    ]
  }
]