[
  {
    "weight": 1,
    "value": {
      "template": "the_vault:empty",
      "palettes": []
    }
  },
  {
    "weight": 1,
    "pool": [
      {
        "weight": 1,
        "value": {
          "template": "the_vault:vault/decor/raw/quarry/e1",
          "palettes": []
        }
      },
      {
        "weight": 1,
        "value": {
          "template": "the_vault:vault/decor/raw/quarry/e2",
          "palettes": []
        }
      },
      {
        "weight": 1,
        "value": {
          "template": "the_vault:vault/decor/raw/quarry/e3",
          "palettes": []
        }
      },
      {
        "weight": 1,
        "value": {
          "template": "the_vault:vault/decor/raw/quarry/e4",
          "palettes": []
        }
      }
    ]
  }
]